nm top,QE top,nm middle,QE middle,nm bottom,QE bottom
325.42,0.050389,500.14,0.0117,798.73,0.036653
325.68,0.052806,500.4,0.0117,798.98,0.036653
325.95,0.055316,500.66,0.0117,799.23,0.036653
326.21,0.057733,500.92,0.0117,799.48,0.036653
326.48,0.060244,501.18,0.0117,799.73,0.036653
326.74,0.062661,501.44,0.0117,799.98,0.036653
327.01,0.065171,501.7,0.0117,800.23,0.036653
327.28,0.067681,501.96,0.0117,800.48,0.036653
327.54,0.070098,502.22,0.0117,800.73,0.036653
327.81,0.072608,502.49,0.0117,800.98,0.036653
328.07,0.075026,502.75,0.0117,801.23,0.036653
328.34,0.077536,503.01,0.0117,801.48,0.036653
328.6,0.079953,503.27,0.0117,801.73,0.036653
328.87,0.082463,503.53,0.0117,801.98,0.036653
329.14,0.084973,503.79,0.0117,802.23,0.036653
329.4,0.08739,504.05,0.0117,802.48,0.036653
329.67,0.089901,504.31,0.0117,802.72,0.036653
329.93,0.092318,504.57,0.0117,802.97,0.036653
330.2,0.094828,504.83,0.0117,803.22,0.036653
330.46,0.097245,505.09,0.0117,803.47,0.036653
330.73,0.099755,505.35,0.0117,803.72,0.036653
331,0.10227,505.61,0.0117,803.97,0.036653
331.26,0.10468,505.87,0.0117,804.22,0.036653
331.53,0.10719,506.13,0.0117,804.47,0.036653
331.79,0.10961,506.39,0.0117,804.72,0.036653
332.06,0.11212,506.65,0.0117,804.97,0.036653
332.32,0.11454,506.91,0.0117,805.22,0.036653
332.59,0.11705,507.17,0.0117,805.47,0.036653
332.86,0.11956,507.43,0.0117,805.72,0.036653
333.12,0.12197,507.69,0.0117,805.97,0.036653
333.39,0.12448,507.95,0.0117,806.22,0.036653
333.65,0.1269,508.21,0.0117,806.47,0.036653
333.92,0.12941,508.47,0.0117,806.72,0.036653
334.18,0.13183,508.73,0.0117,806.97,0.036653
334.45,0.13434,508.99,0.0117,807.22,0.036653
334.71,0.13676,509.25,0.0117,807.47,0.036653
334.98,0.13927,509.51,0.0117,807.72,0.036653
335.24,0.14168,509.77,0.0117,807.96,0.036653
335.51,0.14419,510.03,0.0117,808.21,0.036653
335.78,0.1467,510.29,0.0117,808.46,0.036653
336.04,0.14912,510.55,0.0117,808.71,0.036653
336.31,0.15163,510.81,0.0117,808.96,0.036653
336.57,0.15405,511.07,0.0117,809.21,0.036653
336.84,0.15656,511.33,0.0117,809.46,0.036653
337.1,0.15898,511.59,0.0117,809.71,0.036653
337.37,0.16149,511.85,0.0117,809.96,0.036653
337.63,0.1639,512.11,0.0117,810.21,0.036653
337.9,0.16641,512.37,0.0117,810.46,0.036653
338.17,0.16892,512.63,0.0117,810.71,0.036653
338.43,0.17134,512.89,0.0117,810.96,0.036653
338.7,0.17385,513.15,0.0117,811.21,0.036653
338.96,0.17627,513.41,0.0117,811.46,0.036653
339.23,0.17878,513.67,0.0117,811.7,0.036653
339.49,0.1812,513.93,0.0117,811.95,0.036653
339.76,0.18371,514.19,0.0117,812.2,0.036653
340.02,0.18612,514.45,0.0117,812.45,0.036653
340.29,0.18863,514.71,0.0117,812.7,0.036653
340.55,0.19105,514.97,0.0117,812.95,0.036653
340.82,0.19356,515.23,0.0117,813.2,0.036653
341.08,0.19598,515.49,0.0117,813.45,0.036653
341.35,0.19849,515.75,0.0117,813.7,0.036653
341.62,0.201,516.01,0.0117,813.95,0.036653
341.88,0.20342,516.27,0.0117,814.2,0.036653
342.15,0.20593,516.53,0.0117,814.45,0.036653
342.41,0.20834,516.79,0.0117,814.7,0.036653
342.68,0.21085,517.05,0.0117,814.94,0.036653
342.94,0.21327,517.31,0.0117,815.19,0.036653
343.21,0.21578,517.57,0.0117,815.44,0.036653
343.47,0.2182,517.83,0.0117,815.69,0.036653
343.74,0.22071,518.09,0.0117,815.94,0.036653
344,0.22312,518.35,0.0117,816.19,0.036653
344.27,0.22563,518.61,0.0117,816.44,0.036653
344.53,0.22805,518.87,0.0117,816.69,0.036653
344.8,0.23056,519.13,0.0117,816.94,0.036653
345.06,0.23298,519.39,0.0117,817.19,0.036653
345.33,0.23549,519.65,0.0117,817.44,0.036653
345.59,0.23791,519.91,0.0117,817.68,0.036653
345.86,0.24042,520.17,0.011741,817.93,0.036653
346.12,0.24283,520.43,0.011784,818.18,0.036653
346.39,0.24534,520.69,0.011827,818.43,0.036653
346.65,0.24776,520.95,0.01187,818.68,0.036653
346.92,0.25027,521.21,0.011913,818.93,0.036657
347.19,0.25278,521.47,0.011956,819.18,0.036681
347.45,0.2552,521.73,0.011999,819.43,0.036705
347.72,0.25771,521.99,0.012042,819.68,0.036729
347.98,0.26013,522.25,0.012085,819.93,0.036753
348.25,0.26264,522.5,0.012127,820.17,0.036776
348.51,0.26505,522.76,0.01217,820.42,0.0368
348.78,0.26756,523.02,0.012213,820.67,0.036824
349.04,0.26998,523.28,0.012256,820.92,0.036848
349.31,0.27241,523.54,0.012299,821.17,0.036872
349.57,0.27476,523.8,0.012342,821.42,0.036896
349.84,0.27719,524.06,0.012385,821.67,0.03692
350.1,0.27953,524.32,0.012428,821.92,0.036944
350.37,0.28197,524.58,0.012471,822.17,0.036968
350.63,0.28431,524.84,0.012514,822.41,0.036991
350.9,0.28674,525.1,0.012557,822.66,0.037015
351.16,0.28908,525.36,0.0126,822.91,0.037039
351.43,0.29152,525.62,0.012644,823.16,0.037063
351.69,0.29386,525.88,0.012687,823.41,0.037087
351.96,0.29629,526.14,0.01273,823.66,0.037111
352.22,0.29864,526.4,0.012773,823.91,0.037135
352.49,0.30107,526.66,0.012816,824.16,0.037159
352.75,0.30341,526.92,0.012859,824.4,0.037182
353.02,0.30584,527.18,0.012902,824.65,0.037206
353.28,0.30819,527.44,0.012945,824.9,0.03723
353.55,0.31062,527.7,0.012988,825.15,0.037254
353.81,0.31296,527.96,0.013031,825.4,0.037278
354.08,0.31539,528.22,0.013074,825.65,0.037302
354.34,0.31774,528.48,0.013117,825.9,0.037326
354.61,0.32017,528.73,0.013159,826.15,0.03735
354.87,0.32251,528.99,0.013202,826.39,0.037373
355.14,0.32495,529.25,0.013245,826.64,0.037397
355.4,0.32729,529.51,0.013288,826.89,0.037421
355.67,0.32972,529.77,0.013331,827.14,0.037445
355.93,0.33206,530.03,0.013374,827.39,0.037469
356.2,0.3345,530.29,0.013417,827.64,0.037493
356.46,0.33684,530.55,0.01346,827.89,0.037517
356.73,0.33927,530.81,0.013503,828.13,0.03754
356.99,0.34162,531.07,0.013546,828.38,0.037564
357.26,0.34405,531.33,0.013589,828.63,0.037588
357.52,0.34639,531.59,0.013632,828.88,0.037612
357.79,0.34882,531.85,0.013675,829.13,0.037636
358.05,0.35117,532.11,0.013719,829.38,0.03766
358.32,0.3536,532.37,0.013762,829.63,0.037684
358.58,0.35594,532.63,0.013805,829.87,0.037707
358.84,0.35829,532.88,0.013846,830.12,0.037731
359.11,0.36072,533.14,0.013889,830.37,0.037755
359.37,0.36306,533.4,0.013932,830.62,0.037779
359.64,0.36549,533.66,0.013975,830.87,0.037803
359.9,0.36855,533.92,0.014018,831.12,0.037827
360.17,0.37247,534.18,0.014061,831.37,0.037851
360.43,0.37624,534.44,0.014104,831.61,0.037874
360.7,0.38015,534.7,0.014148,831.86,0.037898
360.96,0.38392,534.96,0.014191,832.11,0.037922
361.23,0.38784,535.22,0.014234,832.36,0.037946
361.49,0.39161,535.48,0.014277,832.61,0.03797
361.76,0.39552,535.74,0.01432,832.86,0.037994
362.02,0.39929,536,0.014363,833.11,0.038018
362.29,0.40321,536.26,0.014406,833.35,0.038041
362.55,0.40698,536.51,0.014447,833.6,0.038065
362.82,0.41089,536.77,0.01449,833.85,0.038089
363.08,0.41466,537.03,0.014533,834.1,0.038113
363.35,0.41858,537.29,0.014577,834.35,0.038137
363.61,0.42235,537.55,0.01462,834.6,0.038161
363.87,0.42612,537.81,0.014663,834.84,0.038184
364.14,0.43003,538.07,0.014706,835.09,0.038208
364.4,0.4338,538.33,0.014749,835.34,0.038232
364.67,0.43772,538.59,0.014792,835.59,0.038256
364.93,0.44149,538.85,0.014835,835.84,0.03828
365.2,0.4454,539.11,0.014878,836.09,0.038304
365.46,0.44917,539.37,0.014921,836.33,0.038327
365.73,0.45309,539.62,0.014962,836.58,0.038351
365.99,0.45686,539.88,0.015008,836.83,0.038375
366.26,0.46077,540.14,0.015074,837.08,0.038399
366.52,0.46454,540.4,0.015139,837.33,0.038423
366.79,0.46846,540.66,0.015204,837.58,0.038447
367.05,0.47223,540.92,0.015269,837.82,0.03847
367.31,0.476,541.18,0.015335,838.07,0.038494
367.58,0.47991,541.44,0.0154,838.32,0.038518
367.84,0.48368,541.7,0.015465,838.57,0.038542
368.11,0.4876,541.96,0.01553,838.82,0.038566
368.37,0.49137,542.21,0.015593,839.06,0.038589
368.64,0.49528,542.47,0.015658,839.31,0.038669
368.9,0.49905,542.73,0.015724,839.56,0.038792
369.17,0.50152,542.99,0.015789,839.81,0.038915
369.43,0.50346,543.25,0.015854,840.06,0.039039
369.7,0.50548,543.51,0.015919,840.31,0.039162
369.96,0.50742,543.77,0.015985,840.55,0.03928
370.22,0.50935,544.03,0.01605,840.8,0.039404
370.49,0.51137,544.29,0.016115,841.05,0.039527
370.75,0.51331,544.55,0.01618,841.3,0.03965
371.02,0.51532,544.8,0.016243,841.55,0.039774
371.28,0.51726,545.06,0.016308,841.79,0.039892
371.55,0.51927,545.32,0.016374,842.04,0.040015
371.81,0.52121,545.58,0.016439,842.29,0.040138
372.08,0.52323,545.84,0.016504,842.54,0.040262
372.34,0.52516,546.1,0.016569,842.79,0.040385
372.6,0.5271,546.36,0.016635,843.03,0.040503
372.87,0.52912,546.62,0.0167,843.28,0.040627
373.13,0.53106,546.88,0.016765,843.53,0.04075
373.4,0.53307,547.13,0.016828,843.78,0.040873
373.66,0.53501,547.39,0.016893,844.03,0.040997
373.93,0.53702,547.65,0.016958,844.27,0.041115
374.19,0.53896,547.91,0.017024,844.52,0.041238
374.46,0.54097,548.17,0.017089,844.77,0.041362
374.72,0.54291,548.43,0.017154,845.02,0.041485
374.98,0.54485,548.69,0.017219,845.27,0.041608
375.25,0.54686,548.95,0.017285,845.51,0.041727
375.51,0.5488,549.21,0.01735,845.76,0.04185
375.78,0.55082,549.46,0.017413,846.01,0.041973
376.04,0.55276,549.72,0.017478,846.26,0.042096
376.31,0.55477,549.98,0.017543,846.51,0.04222
376.57,0.55671,550.24,0.017608,846.75,0.042338
376.83,0.55865,550.5,0.017674,847,0.042461
377.1,0.56066,550.76,0.017739,847.25,0.042585
377.36,0.5626,551.02,0.017804,847.5,0.042708
377.63,0.56461,551.28,0.017869,847.74,0.042826
377.89,0.56655,551.53,0.017932,847.99,0.04295
378.16,0.56856,551.79,0.017997,848.24,0.043073
378.42,0.5705,552.05,0.018063,848.49,0.043196
378.68,0.57244,552.31,0.018128,848.74,0.04332
378.95,0.57446,552.57,0.018193,848.98,0.043438
379.21,0.57639,552.83,0.018258,849.23,0.043561
379.48,0.57841,553.09,0.018324,849.48,0.043684
379.74,0.58027,553.34,0.018386,849.73,0.043808
380,0.58178,553.6,0.018452,849.97,0.043926
380.27,0.58334,553.86,0.018517,850.22,0.044049
380.53,0.58485,554.12,0.018582,850.47,0.044173
380.8,0.58642,554.38,0.018647,850.72,0.044296
381.06,0.58793,554.64,0.018713,850.97,0.044419
381.33,0.58949,554.9,0.018778,851.21,0.044538
381.59,0.591,555.15,0.018841,851.46,0.044661
381.85,0.59251,555.41,0.018906,851.71,0.044784
382.12,0.59407,555.67,0.018971,851.96,0.044908
382.38,0.59558,555.93,0.019036,852.2,0.045026
382.65,0.59715,556.19,0.019102,852.45,0.045149
382.91,0.59866,556.45,0.019167,852.7,0.045273
383.17,0.60016,556.71,0.019232,852.95,0.045396
383.44,0.60173,556.96,0.019295,853.19,0.045514
383.7,0.60324,557.22,0.01936,853.44,0.045637
383.97,0.6048,557.48,0.019425,853.69,0.045761
384.23,0.60631,557.74,0.019491,853.94,0.045884
384.49,0.60782,558,0.019556,854.19,0.046007
384.76,0.60939,558.26,0.019621,854.43,0.046126
385.02,0.61089,558.52,0.019686,854.68,0.046249
385.29,0.61246,558.77,0.019749,854.93,0.046372
385.55,0.61397,559.03,0.019814,855.18,0.046496
385.81,0.61548,559.29,0.01988,855.42,0.046614
386.08,0.61704,559.55,0.019945,855.67,0.046737
386.34,0.61855,559.81,0.020009,855.92,0.046861
386.61,0.62012,560.07,0.02007,856.17,0.046984
386.87,0.62162,560.32,0.020128,856.41,0.047102
387.13,0.62313,560.58,0.020189,856.66,0.047226
387.4,0.6247,560.84,0.020249,856.91,0.047349
387.66,0.62621,561.1,0.02031,857.16,0.047472
387.93,0.62777,561.36,0.020371,857.4,0.04759
388.19,0.62928,561.62,0.020431,857.65,0.047714
388.45,0.63079,561.87,0.020489,857.9,0.047837
388.72,0.63235,562.13,0.02055,858.15,0.04796
388.98,0.63375,562.39,0.020611,858.39,0.048079
389.25,0.63497,562.65,0.020671,858.64,0.048202
389.51,0.63615,562.91,0.020732,858.89,0.048325
389.77,0.63733,563.17,0.020792,859.13,0.048444
390.04,0.63855,563.42,0.020851,859.38,0.048567
390.3,0.63973,563.68,0.020911,859.63,0.049895
390.57,0.64095,563.94,0.020972,859.88,0.051663
390.83,0.64213,564.2,0.021032,860.12,0.053361
391.09,0.64331,564.46,0.021093,860.37,0.055129
391.36,0.64453,564.72,0.021154,860.62,0.056898
391.62,0.64571,564.97,0.021212,860.87,0.058666
391.88,0.64689,565.23,0.021272,861.11,0.060364
392.15,0.64811,565.49,0.021333,861.36,0.062132
392.41,0.64929,565.75,0.021394,861.61,0.063901
392.68,0.65051,566.01,0.021454,861.86,0.065669
392.94,0.65169,566.27,0.021515,862.1,0.067367
393.2,0.65287,566.52,0.021573,862.35,0.069135
393.47,0.65409,566.78,0.021634,862.6,0.070904
393.73,0.65527,567.04,0.021694,862.84,0.072601
393.99,0.65645,567.3,0.021755,863.09,0.07437
394.26,0.65767,567.56,0.021815,863.34,0.076138
394.52,0.65885,567.81,0.021874,863.59,0.077907
394.79,0.66007,568.07,0.021934,863.83,0.079604
395.05,0.66125,568.33,0.021995,864.08,0.081373
395.31,0.66243,568.59,0.022055,864.33,0.083141
395.58,0.66365,568.85,0.022116,864.57,0.084839
395.84,0.66483,569.11,0.022177,864.82,0.086608
396.1,0.66601,569.36,0.022235,865.07,0.088376
396.37,0.66723,569.62,0.022295,865.32,0.090144
396.63,0.66841,569.88,0.022356,865.56,0.091842
396.9,0.66963,570.14,0.022417,865.81,0.093611
397.16,0.67081,570.4,0.022477,866.06,0.095379
397.42,0.67199,570.65,0.022535,866.3,0.097077
397.69,0.67321,570.91,0.022596,866.55,0.098845
397.95,0.67439,571.17,0.022657,866.8,0.10061
398.21,0.67521,571.43,0.022717,867.05,0.10238
398.48,0.67568,571.69,0.022778,867.29,0.10408
398.74,0.67612,571.94,0.022836,867.54,0.10585
399,0.67656,572.2,0.022897,867.79,0.10762
399.27,0.67703,572.46,0.022957,868.03,0.10931
399.53,0.67747,572.72,0.023018,868.28,0.11108
399.8,0.67793,572.98,0.023078,868.53,0.11285
400.06,0.67838,573.23,0.023137,868.78,0.11462
400.32,0.67882,573.49,0.023197,869.02,0.11632
400.59,0.67928,573.75,0.023258,869.27,0.11809
400.85,0.67973,574.01,0.023318,869.52,0.11985
401.11,0.68017,574.27,0.023379,869.76,0.12155
401.38,0.68063,574.52,0.023437,870.01,0.12332
401.64,0.68108,574.78,0.023498,870.26,0.12509
401.9,0.68152,575.04,0.023558,870.5,0.12679
402.17,0.68198,575.3,0.023619,870.75,0.12856
402.43,0.68243,575.56,0.02368,871,0.13032
402.69,0.68287,575.81,0.023738,871.24,0.13202
402.96,0.68333,576.07,0.023798,871.49,0.13379
403.22,0.68378,576.33,0.023859,871.74,0.13556
403.48,0.68422,576.59,0.02392,871.99,0.13733
403.75,0.68468,576.84,0.023978,872.23,0.13902
404.01,0.68513,577.1,0.024038,872.48,0.14079
404.28,0.68559,577.36,0.024099,872.73,0.14256
404.54,0.68603,577.62,0.02416,872.97,0.14426
404.8,0.68648,577.88,0.02422,873.22,0.14603
405.07,0.68694,578.13,0.024279,873.47,0.1478
405.33,0.68738,578.39,0.024339,873.71,0.14949
405.59,0.68783,578.65,0.0244,873.96,0.15126
405.86,0.68829,578.91,0.02446,874.21,0.15303
406.12,0.68873,579.17,0.024521,874.45,0.15473
406.38,0.68918,579.42,0.024579,874.7,0.1565
406.65,0.68964,579.68,0.02464,874.95,0.15827
406.91,0.69008,579.94,0.0247,875.19,0.15996
407.17,0.69053,580.2,0.024761,875.44,0.16173
407.44,0.69099,580.45,0.024819,875.69,0.1635
407.7,0.69143,580.71,0.02488,875.93,0.1652
407.96,0.69188,580.97,0.02494,876.18,0.16697
408.23,0.69234,581.23,0.025003,876.43,0.16873
408.49,0.69278,581.48,0.025184,876.67,0.17043
408.75,0.69323,581.74,0.025372,876.92,0.1722
409.02,0.69372,582,0.02556,877.17,0.17397
409.28,0.69421,582.26,0.025748,877.41,0.17567
409.54,0.69469,582.52,0.025936,877.66,0.17744
409.81,0.69519,582.77,0.026117,877.91,0.1792
410.07,0.69568,583.03,0.026305,878.15,0.1809
410.33,0.69616,583.29,0.026493,878.4,0.18267
410.6,0.69667,583.55,0.026681,878.65,0.18444
410.86,0.69715,583.8,0.026861,878.89,0.18614
411.12,0.69764,584.06,0.027049,879.14,0.1879
411.38,0.69812,584.32,0.027237,879.39,0.18967
411.65,0.69862,584.58,0.027425,879.63,0.19137
411.91,0.69911,584.83,0.027606,879.88,0.19623
412.17,0.69959,585.09,0.027794,880.13,0.20293
412.44,0.7001,585.35,0.027982,880.37,0.20937
412.7,0.70058,585.61,0.02817,880.62,0.21608
412.96,0.70107,585.86,0.028351,880.87,0.22278
413.23,0.70157,586.12,0.028539,881.11,0.22922
413.49,0.70205,586.38,0.028727,881.36,0.23592
413.75,0.70254,586.64,0.028915,881.61,0.24263
414.02,0.70304,586.89,0.029096,881.85,0.24907
414.28,0.70353,587.15,0.029284,882.1,0.25577
414.54,0.70401,587.41,0.029472,882.34,0.26221
414.81,0.70451,587.67,0.02966,882.59,0.26891
415.07,0.705,587.92,0.029841,882.84,0.27562
415.33,0.70548,588.18,0.030029,883.08,0.28205
415.6,0.70599,588.44,0.030217,883.33,0.28876
415.86,0.70647,588.7,0.030405,883.58,0.29546
416.12,0.70696,588.95,0.030586,883.82,0.3019
416.38,0.70744,589.21,0.030774,884.07,0.30861
416.65,0.70795,589.47,0.030962,884.32,0.31531
416.91,0.70843,589.73,0.03115,884.56,0.32175
417.17,0.70891,589.98,0.031331,884.81,0.32845
417.44,0.70942,590.24,0.031519,885.05,0.33489
417.7,0.7099,590.5,0.031707,885.3,0.3416
417.96,0.71039,590.76,0.031895,885.55,0.3483
418.23,0.71089,591.01,0.032076,885.79,0.35474
418.49,0.71138,591.27,0.032264,886.04,0.36144
418.75,0.71186,591.53,0.032452,886.29,0.36815
419.01,0.71234,591.79,0.03264,886.53,0.37459
419.28,0.71285,592.04,0.03282,886.78,0.38129
419.54,0.71333,592.3,0.033009,887.03,0.388
419.8,0.71352,592.56,0.033197,887.27,0.39443
420.07,0.71372,592.81,0.033377,887.52,0.40114
420.33,0.71391,593.07,0.033565,887.76,0.40757
420.59,0.71409,593.33,0.033753,888.01,0.41428
420.86,0.71429,593.59,0.033941,888.26,0.42098
421.12,0.71448,593.84,0.034122,888.5,0.42742
421.38,0.71467,594.1,0.03431,888.75,0.43413
421.64,0.71486,594.36,0.034498,888.99,0.44056
421.91,0.71505,594.62,0.034686,889.24,0.44727
422.17,0.71524,594.87,0.034867,889.49,0.45397
422.43,0.71543,595.13,0.035055,889.73,0.46041
422.7,0.71562,595.39,0.035243,889.98,0.46712
422.96,0.71581,595.64,0.035424,890.23,0.47382
423.22,0.716,595.9,0.035612,890.47,0.48026
423.48,0.71619,596.16,0.0358,890.72,0.48696
423.75,0.71639,596.42,0.035988,890.96,0.4934
424.01,0.71657,596.67,0.036169,891.21,0.5001
424.27,0.71676,596.93,0.036357,891.46,0.50681
424.54,0.71696,597.19,0.036545,891.7,0.51325
424.8,0.71715,597.44,0.036726,891.95,0.51995
425.06,0.71734,597.7,0.036914,892.19,0.52639
425.32,0.71752,597.96,0.037102,892.44,0.53309
425.59,0.71772,598.22,0.03729,892.69,0.5398
425.85,0.71791,598.47,0.037471,892.93,0.54624
426.11,0.7181,598.73,0.037659,893.18,0.55294
426.38,0.71829,598.99,0.037847,893.42,0.55938
426.64,0.71848,599.24,0.038027,893.67,0.56608
426.9,0.71867,599.5,0.038215,893.92,0.57279
427.16,0.71886,599.76,0.038433,894.16,0.57923
427.43,0.71905,600.02,0.038676,894.41,0.58593
427.69,0.71924,600.27,0.038909,894.65,0.59237
427.95,0.71943,600.53,0.039151,894.9,0.59907
428.21,0.71962,600.79,0.039394,895.15,0.60578
428.48,0.71981,601.04,0.039627,895.39,0.61221
428.74,0.72,601.3,0.039869,895.64,0.61892
429,0.72024,601.56,0.040111,895.88,0.62536
429.26,0.72048,601.81,0.040344,896.13,0.63206
429.53,0.72072,602.07,0.040587,896.38,0.63877
429.79,0.72096,602.33,0.040829,896.62,0.6452
430.05,0.72119,602.59,0.041071,896.87,0.65191
430.32,0.72144,602.84,0.041304,897.11,0.65835
430.58,0.72167,603.1,0.041547,897.36,0.66505
430.84,0.72191,603.36,0.041789,897.6,0.67149
431.1,0.72214,603.61,0.042022,897.85,0.67819
431.37,0.72239,603.87,0.042265,898.1,0.6849
431.63,0.72262,604.13,0.042507,898.34,0.69133
431.89,0.72286,604.38,0.04274,898.59,0.69804
432.15,0.72309,604.64,0.042982,898.83,0.70448
432.42,0.72334,604.9,0.043225,899.08,0.71118
432.68,0.72357,605.15,0.043458,899.33,0.71789
432.94,0.72381,605.41,0.0437,899.57,0.72432
433.2,0.72405,605.67,0.043942,899.82,0.73103
433.47,0.72429,605.92,0.044175,900.06,0.73612
433.73,0.72453,606.18,0.044418,900.31,0.7372
433.99,0.72476,606.44,0.04466,900.55,0.73823
434.25,0.725,606.7,0.044903,900.8,0.73931
434.52,0.72524,606.95,0.045136,901.05,0.7404
434.78,0.72548,607.21,0.045378,901.29,0.74143
435.04,0.72571,607.47,0.04562,901.54,0.74251
435.3,0.72595,607.72,0.045853,901.78,0.74355
435.57,0.72619,607.98,0.046096,902.03,0.74463
435.83,0.72643,608.24,0.046338,902.27,0.74567
436.09,0.72666,608.49,0.046571,902.52,0.74675
436.35,0.7269,608.75,0.046813,902.76,0.74779
436.62,0.72715,609.01,0.047056,903.01,0.74887
436.88,0.72738,609.26,0.047289,903.26,0.74995
437.14,0.72762,609.52,0.047531,903.5,0.75099
437.4,0.72785,609.78,0.047774,903.75,0.75207
437.67,0.7281,610.03,0.048007,903.99,0.7531
437.93,0.72833,610.29,0.048249,904.24,0.75418
438.19,0.72874,610.55,0.048635,904.48,0.75522
438.45,0.72914,610.8,0.049043,904.73,0.7563
438.72,0.72956,611.06,0.049467,904.97,0.75734
438.98,0.72996,611.32,0.049891,905.22,0.75842
439.24,0.73037,611.57,0.050299,905.47,0.7595
439.5,0.73077,611.83,0.050723,905.71,0.76054
439.76,0.73117,612.09,0.051147,905.96,0.76162
440.03,0.73159,612.34,0.051555,906.2,0.76266
440.29,0.732,612.6,0.051979,906.45,0.76374
440.55,0.7324,612.86,0.052403,906.69,0.76478
440.81,0.73281,613.11,0.052811,906.94,0.76586
441.08,0.73323,613.37,0.053235,907.18,0.76689
441.34,0.73363,613.63,0.053659,907.43,0.76797
441.6,0.73403,613.88,0.054067,907.67,0.76901
441.86,0.73444,614.14,0.054491,907.92,0.77009
442.13,0.73486,614.4,0.054915,908.17,0.77117
442.39,0.73526,614.65,0.055323,908.41,0.77221
442.65,0.73566,614.91,0.055747,908.66,0.77329
442.91,0.73607,615.17,0.056171,908.9,0.77433
443.17,0.73647,615.42,0.056579,909.15,0.77541
443.44,0.73689,615.68,0.057003,909.39,0.77645
443.7,0.7373,615.94,0.057427,909.64,0.77753
443.96,0.7377,616.19,0.057835,909.88,0.77856
444.22,0.7381,616.45,0.058259,910.13,0.77965
444.49,0.73852,616.7,0.058667,910.37,0.78068
444.75,0.73893,616.96,0.059091,910.62,0.78176
445.01,0.73933,617.22,0.059515,910.86,0.7828
445.27,0.73973,617.47,0.059923,911.11,0.78388
445.53,0.74014,617.73,0.060347,911.35,0.78492
445.8,0.74056,617.99,0.060771,911.6,0.786
446.06,0.74096,618.24,0.061179,911.85,0.78708
446.32,0.74137,618.5,0.061603,912.09,0.78812
446.58,0.74177,618.76,0.062027,912.34,0.7892
446.84,0.74217,619.01,0.062435,912.58,0.79024
447.11,0.74259,619.27,0.062859,912.83,0.79132
447.37,0.743,619.53,0.063283,913.07,0.79235
447.63,0.7434,619.78,0.063996,913.32,0.79343
447.89,0.74381,620.04,0.064751,913.56,0.79447
448.16,0.74422,620.29,0.065477,913.81,0.79555
448.42,0.74463,620.55,0.066232,914.05,0.79659
448.68,0.74504,620.81,0.066987,914.3,0.79767
448.94,0.74548,621.06,0.067713,914.54,0.79871
449.2,0.74592,621.32,0.068468,914.79,0.79979
449.47,0.74639,621.58,0.069223,915.03,0.80083
449.73,0.74683,621.83,0.069949,915.28,0.80191
449.99,0.74727,622.09,0.070704,915.52,0.80294
450.25,0.74772,622.34,0.071429,915.77,0.80403
450.51,0.74816,622.6,0.072184,916.01,0.80506
450.78,0.74862,622.86,0.072939,916.26,0.80614
451.04,0.74907,623.11,0.073665,916.5,0.80718
451.3,0.74951,623.37,0.07442,916.75,0.80826
451.56,0.74996,623.63,0.075175,916.99,0.8093
451.82,0.7504,623.88,0.075901,917.24,0.81038
452.09,0.75086,624.14,0.076656,917.48,0.81142
452.35,0.75131,624.39,0.077382,917.73,0.8125
452.61,0.75175,624.65,0.078137,917.97,0.81354
452.87,0.7522,624.91,0.078892,918.22,0.81462
453.13,0.75264,625.16,0.079618,918.46,0.81565
453.39,0.75308,625.42,0.080373,918.71,0.81673
453.66,0.75355,625.68,0.081127,918.95,0.81777
453.92,0.75399,625.93,0.081853,919.2,0.81885
454.18,0.75443,626.19,0.082608,919.44,0.81989
454.44,0.75488,626.44,0.083334,919.69,0.82097
454.7,0.75532,626.7,0.084089,919.93,0.82201
454.97,0.75578,626.96,0.084844,920.18,0.82309
455.23,0.75623,627.21,0.08557,920.42,0.82372
455.49,0.75667,627.47,0.086325,920.67,0.82409
455.75,0.75712,627.72,0.087051,920.91,0.82444
456.01,0.75756,627.98,0.087806,921.16,0.82481
456.28,0.75802,628.24,0.088561,921.4,0.82516
456.54,0.75847,628.49,0.089287,921.65,0.82553
456.8,0.75891,628.75,0.090062,921.89,0.82588
457.06,0.75936,629,0.09115,922.14,0.82625
457.32,0.7598,629.26,0.092281,922.38,0.82661
457.58,0.76025,629.52,0.093412,922.63,0.82697
457.85,0.76071,629.77,0.094499,922.87,0.82733
458.11,0.76115,630.03,0.09563,923.12,0.8277
458.37,0.7616,630.29,0.096761,923.36,0.82805
458.63,0.76204,630.54,0.097849,923.6,0.8284
458.89,0.76248,630.8,0.09898,923.85,0.82877
459.15,0.76293,631.05,0.10007,924.09,0.82913
459.42,0.76339,631.31,0.1012,924.34,0.82949
459.68,0.76386,631.56,0.10229,924.58,0.82985
459.94,0.76434,631.82,0.10342,924.83,0.83022
460.2,0.76481,632.08,0.10455,925.07,0.83057
460.46,0.76528,632.33,0.10564,925.32,0.83094
460.73,0.76577,632.59,0.10677,925.56,0.83129
460.99,0.76624,632.84,0.10785,925.81,0.83166
461.25,0.76671,633.1,0.10898,926.05,0.83201
461.51,0.76718,633.36,0.11012,926.3,0.83238
461.77,0.76765,633.61,0.1112,926.54,0.83274
462.03,0.76812,633.87,0.11233,926.79,0.8331
462.29,0.76859,634.12,0.11342,927.03,0.83346
462.56,0.76908,634.38,0.11455,927.27,0.83381
462.82,0.76956,634.64,0.11568,927.52,0.83418
463.08,0.77003,634.89,0.11677,927.76,0.83453
463.34,0.7705,635.15,0.1179,928.01,0.8349
463.6,0.77097,635.4,0.11899,928.25,0.83526
463.86,0.77144,635.66,0.12012,928.5,0.83562
464.13,0.77193,635.91,0.12121,928.74,0.83598
464.39,0.7724,636.17,0.12234,928.99,0.83635
464.65,0.77287,636.43,0.12347,929.23,0.8367
464.91,0.77334,636.68,0.12456,929.48,0.83707
465.17,0.77382,636.94,0.12569,929.72,0.83742
465.43,0.77429,637.19,0.12678,929.96,0.83778
465.7,0.77478,637.45,0.12791,930.21,0.83814
465.96,0.77525,637.71,0.12904,930.45,0.8385
466.22,0.77572,637.96,0.13013,930.7,0.83887
466.48,0.77619,638.22,0.13126,930.94,0.83922
466.74,0.77666,638.47,0.13234,931.19,0.83959
467,0.77713,638.73,0.13348,931.43,0.83994
467.26,0.7776,638.98,0.13456,931.68,0.84031
467.53,0.77809,639.24,0.13569,931.92,0.84066
467.79,0.77856,639.5,0.13687,932.16,0.84102
468.05,0.77904,639.75,0.13827,932.41,0.84139
468.31,0.77951,640.01,0.13972,932.65,0.84174
468.57,0.77998,640.26,0.14112,932.9,0.84211
468.83,0.78054,640.52,0.14257,933.14,0.84246
469.09,0.7811,640.77,0.14397,933.39,0.84283
469.36,0.78169,641.03,0.14543,933.63,0.84318
469.62,0.78226,641.28,0.14683,933.87,0.84354
469.88,0.78282,641.54,0.14828,934.12,0.84391
470.14,0.78339,641.8,0.14973,934.36,0.84426
470.4,0.78395,642.05,0.15113,934.61,0.84463
470.66,0.78452,642.31,0.15259,934.85,0.84498
470.92,0.78508,642.56,0.15398,935.1,0.84535
471.19,0.78567,642.82,0.15544,935.34,0.8457
471.45,0.78624,643.07,0.15684,935.58,0.84606
471.71,0.7868,643.33,0.15829,935.83,0.84643
471.97,0.78737,643.58,0.15969,936.07,0.84678
472.23,0.78793,643.84,0.16114,936.32,0.84715
472.49,0.7885,644.1,0.1626,936.56,0.8475
472.75,0.78906,644.35,0.164,936.81,0.84787
473.01,0.78963,644.61,0.16545,937.05,0.84822
473.28,0.79022,644.86,0.16685,937.29,0.84858
473.54,0.79078,645.12,0.1683,937.54,0.84895
473.8,0.79135,645.37,0.1697,937.78,0.8493
474.06,0.79191,645.63,0.17115,938.03,0.84967
474.32,0.79248,645.88,0.17255,938.27,0.85002
474.58,0.79304,646.14,0.17401,938.51,0.85038
474.84,0.79361,646.39,0.1754,938.76,0.85074
475.1,0.79418,646.65,0.17686,939,0.8511
475.37,0.79476,646.91,0.17831,939.25,0.85147
475.63,0.79533,647.16,0.17971,939.49,0.85182
475.89,0.79589,647.42,0.18117,939.74,0.85219
476.15,0.79646,647.67,0.18256,939.98,0.85254
476.41,0.79703,647.93,0.18402,940.22,0.8529
476.67,0.79759,648.18,0.18542,940.47,0.85326
476.93,0.79816,648.44,0.18687,940.71,0.85352
477.19,0.79872,648.69,0.18827,940.96,0.85374
477.45,0.79929,648.95,0.18972,941.2,0.85395
477.72,0.79987,649.2,0.19112,941.44,0.85415
477.98,0.80044,649.46,0.19257,941.69,0.85437
478.24,0.80101,649.71,0.19397,941.93,0.85458
478.5,0.80157,649.97,0.19543,942.18,0.85479
478.76,0.80214,650.23,0.19698,942.42,0.855
479.02,0.8027,650.48,0.19902,942.66,0.85521
479.28,0.80327,650.74,0.20114,942.91,0.85542
479.54,0.80383,650.99,0.20318,943.15,0.85563
479.8,0.8044,651.25,0.2053,943.39,0.85584
480.07,0.80499,651.5,0.20734,943.64,0.85606
480.33,0.80555,651.76,0.20946,943.88,0.85626
480.59,0.80612,652.01,0.2115,944.13,0.85648
480.85,0.80669,652.27,0.21362,944.37,0.85669
481.11,0.80736,652.52,0.21566,944.61,0.85689
481.37,0.80804,652.78,0.21778,944.86,0.85711
481.63,0.80872,653.03,0.21982,945.1,0.85732
481.89,0.8094,653.29,0.22194,945.35,0.85753
482.15,0.81008,653.54,0.22398,945.59,0.85774
482.41,0.81076,653.8,0.2261,945.83,0.85795
482.68,0.81146,654.05,0.22814,946.08,0.85816
482.94,0.81214,654.31,0.23026,946.32,0.85837
483.2,0.81282,654.56,0.2323,946.56,0.85858
483.46,0.8135,654.82,0.23442,946.81,0.8588
483.72,0.81418,655.07,0.23646,947.05,0.859
483.98,0.81485,655.33,0.23858,947.3,0.85922
484.24,0.81553,655.58,0.24062,947.54,0.85943
484.5,0.81621,655.84,0.24274,947.78,0.85963
484.76,0.81689,656.09,0.24478,948.03,0.85985
485.02,0.81757,656.35,0.2469,948.27,0.86006
485.29,0.81827,656.6,0.24894,948.51,0.86027
485.55,0.81895,656.86,0.25106,948.76,0.86048
485.81,0.81963,657.11,0.25309,949,0.86069
486.07,0.82031,657.37,0.25522,949.25,0.86091
486.33,0.82099,657.62,0.25725,949.49,0.86111
486.59,0.82167,657.88,0.25938,949.73,0.86132
486.85,0.82235,658.13,0.26141,949.98,0.86154
487.11,0.82302,658.39,0.26353,950.22,0.86174
487.37,0.8237,658.64,0.26557,950.46,0.86195
487.63,0.82438,658.9,0.26769,950.71,0.86217
487.89,0.82506,659.15,0.26973,950.95,0.86238
488.15,0.82574,659.41,0.27229,951.19,0.86258
488.42,0.82644,659.66,0.27909,951.44,0.8628
488.68,0.82699,659.92,0.28616,951.68,0.86301
488.94,0.82748,660.17,0.29295,951.93,0.86322
489.2,0.82796,660.43,0.30002,952.17,0.86343
489.46,0.82845,660.68,0.30682,952.41,0.86364
489.72,0.82893,660.94,0.31389,952.66,0.86385
489.98,0.82942,661.19,0.32069,952.9,0.86406
490.24,0.8299,661.45,0.32775,953.14,0.86427
490.5,0.83038,661.7,0.33455,953.39,0.86448
490.76,0.83087,661.96,0.34162,953.63,0.86469
491.02,0.83135,662.21,0.34842,953.87,0.8649
491.28,0.83184,662.47,0.35549,954.12,0.86512
491.54,0.83232,662.72,0.36228,954.36,0.86532
491.8,0.83281,662.98,0.36935,954.6,0.86553
492.07,0.83331,663.23,0.37615,954.85,0.86575
492.33,0.8338,663.49,0.38322,955.09,0.86595
492.59,0.83428,663.74,0.39001,955.33,0.86616
492.85,0.83477,664,0.39708,955.58,0.86638
493.11,0.83525,664.25,0.40388,955.82,0.86659
493.37,0.83574,664.51,0.41095,956.06,0.86679
493.63,0.83622,664.76,0.41775,956.31,0.86701
493.89,0.8367,665.02,0.42481,956.55,0.86722
494.15,0.83719,665.27,0.43161,956.79,0.86742
494.41,0.83767,665.53,0.43868,957.04,0.86764
494.67,0.83816,665.78,0.44548,957.28,0.86785
494.93,0.83864,666.04,0.45255,957.52,0.86806
495.19,0.83913,666.29,0.45934,957.77,0.86827
495.45,0.83961,666.55,0.46641,958.01,0.86848
495.71,0.8401,666.8,0.47321,958.25,0.86869
495.97,0.84058,667.05,0.48,958.5,0.8689
496.23,0.84107,667.31,0.48707,958.74,0.86911
496.5,0.84157,667.56,0.49387,958.98,0.86932
496.76,0.84205,667.82,0.50094,959.23,0.86915
497.02,0.84254,668.07,0.50774,959.47,0.86899
497.28,0.84302,668.33,0.5148,959.71,0.86882
497.54,0.84351,668.58,0.5216,959.96,0.86865
497.8,0.84399,668.84,0.52811,960.2,0.86849
498.06,0.84448,669.09,0.53436,960.44,0.86832
498.32,0.84496,669.35,0.54087,960.69,0.86815
498.58,0.84545,669.6,0.54712,960.93,0.86799
498.84,0.84593,669.86,0.55362,961.17,0.86782
499.1,0.84642,670.11,0.55988,961.42,0.86765
499.36,0.84683,670.36,0.56613,961.66,0.86748
499.62,0.84717,670.62,0.57263,961.9,0.86732
499.88,0.84751,670.87,0.57889,962.15,0.86715
500.14,0.84785,671.13,0.58539,962.39,0.86698
500.4,0.84819,671.38,0.59164,962.63,0.86682
500.66,0.84853,671.64,0.59814,962.87,0.86665
500.92,0.84887,671.89,0.6044,963.12,0.86648
501.18,0.84921,672.15,0.6109,963.36,0.86631
501.44,0.84955,672.4,0.61715,963.6,0.86615
501.7,0.84989,672.66,0.62366,963.85,0.86598
501.96,0.85022,672.91,0.62991,964.09,0.86581
502.22,0.85056,673.16,0.63616,964.33,0.86565
502.49,0.85092,673.42,0.64267,964.58,0.86548
502.75,0.85126,673.67,0.64892,964.82,0.86531
503.01,0.85159,673.93,0.65542,965.06,0.86515
503.27,0.85193,674.18,0.66168,965.3,0.86498
503.53,0.85227,674.44,0.66818,965.55,0.86481
503.79,0.85261,674.69,0.67443,965.79,0.86464
504.05,0.85295,674.95,0.68094,966.03,0.86448
504.31,0.85329,675.2,0.68719,966.28,0.86431
504.57,0.85363,675.45,0.69344,966.52,0.86414
504.83,0.85397,675.71,0.69995,966.76,0.86398
505.09,0.85431,675.96,0.7062,967.01,0.8638
505.35,0.85465,676.22,0.7127,967.25,0.86364
505.61,0.85499,676.47,0.71895,967.49,0.86347
505.87,0.85533,676.73,0.72546,967.73,0.86331
506.13,0.85567,676.98,0.73171,967.98,0.86314
506.39,0.85601,677.23,0.73796,968.22,0.86297
506.65,0.85634,677.49,0.74447,968.46,0.86281
506.91,0.85667,677.74,0.75072,968.71,0.86264
507.17,0.85674,678,0.75722,968.95,0.86247
507.43,0.85681,678.25,0.76348,969.19,0.86231
507.69,0.85688,678.51,0.76998,969.43,0.86214
507.95,0.85695,678.76,0.77623,969.68,0.86197
508.21,0.85702,679.01,0.78249,969.92,0.8618
508.47,0.85709,679.27,0.78899,970.16,0.86164
508.73,0.85717,679.52,0.79137,970.41,0.86147
508.99,0.85724,679.78,0.79306,970.65,0.8613
509.25,0.85731,680.03,0.7947,970.89,0.86114
509.51,0.85738,680.29,0.79639,971.13,0.86097
509.77,0.85745,680.54,0.79802,971.38,0.8608
510.03,0.85752,680.79,0.79965,971.62,0.86063
510.29,0.85759,681.05,0.80135,971.86,0.86047
510.55,0.85766,681.3,0.80298,972.1,0.8603
510.81,0.85773,681.56,0.80468,972.35,0.86013
511.07,0.8578,681.81,0.80631,972.59,0.85997
511.33,0.85787,682.07,0.80801,972.83,0.8598
511.59,0.85794,682.32,0.80964,973.07,0.85964
511.85,0.85801,682.57,0.81127,973.32,0.85947
512.11,0.85808,682.83,0.81297,973.56,0.8593
512.37,0.85815,683.08,0.8146,973.8,0.85914
512.63,0.85823,683.34,0.81629,974.05,0.85896
512.89,0.8583,683.59,0.81792,974.29,0.8588
513.15,0.85837,683.84,0.81956,974.53,0.85863
513.41,0.85844,684.1,0.82125,974.77,0.85847
513.67,0.85851,684.35,0.82288,975.02,0.8583
513.93,0.85858,684.61,0.82458,975.26,0.85813
514.19,0.85865,684.86,0.82621,975.5,0.85797
514.45,0.85872,685.11,0.82784,975.74,0.8578
514.71,0.85879,685.37,0.82954,975.99,0.85763
514.97,0.85886,685.62,0.83117,976.23,0.85746
515.23,0.85893,685.88,0.83287,976.47,0.8573
515.49,0.859,686.13,0.8345,976.71,0.85713
515.75,0.85907,686.38,0.83613,976.96,0.85696
516.01,0.85914,686.64,0.83783,977.2,0.8568
516.27,0.85922,686.89,0.83946,977.44,0.85663
516.53,0.85929,687.15,0.84115,977.68,0.85647
516.79,0.85936,687.4,0.84279,977.93,0.85629
517.05,0.85943,687.65,0.84442,978.17,0.85613
517.31,0.8595,687.91,0.84611,978.41,0.85596
517.57,0.85957,688.16,0.84774,979.79,0.85555
517.83,0.85964,688.42,0.84944,981.17,0.856
518.09,0.85971,688.67,0.85036,985.12,0.85728
518.35,0.85978,688.92,0.8509,989.07,0.85856
518.61,0.85985,689.18,0.85147,993.01,0.85984
518.87,0.85992,689.43,0.85201,996.95,0.86111
519.13,0.85999,689.69,0.85258,1000.89,0.85696
519.39,0.86,689.94,0.85312,1004.83,0.85154
519.65,0.86,690.19,0.85366,1008.76,0.84614
519.91,0.86,690.45,0.85423,1012.69,0.84073
520.17,0.86,690.7,0.85477,1016.61,0.83534
520.43,0.86,690.95,0.85532,1020.53,0.82886
520.69,0.86,691.21,0.85588,1024.45,0.8218
520.95,0.86,691.46,0.85643,1028.37,0.81474
521.21,0.86,691.72,0.85699,1032.28,0.8077
521.47,0.86,691.97,0.85753,1036.19,0.80065
521.73,0.86,692.22,0.85808,1040.09,0.79363
521.99,0.86,692.48,0.85864,1044,0.79977
522.25,0.86,692.73,0.85919,1047.89,0.80588
522.5,0.86,692.98,0.85973,1051.79,0.81201
522.76,0.86,693.24,0.8603,1055.68,0.81813
523.02,0.86,693.49,0.86084,1059.57,0.82424
523.28,0.86,693.75,0.86141,1063.45,0.83116
523.54,0.86,694,0.86195,1067.34,0.8383
523.8,0.86,694.25,0.86249,1071.21,0.84541
524.06,0.86,694.51,0.86306,1075.09,0.85254
524.32,0.86,694.76,0.8636,1078.96,0.85946
524.58,0.86,695.01,0.86415,1082.83,0.86197
524.84,0.86,695.27,0.86471,1086.69,0.86448
525.1,0.86,695.52,0.86526,1090.55,0.86698
525.36,0.86,695.78,0.86582,1094.41,0.86948
525.62,0.86,696.03,0.86637,1098.27,0.86964
525.88,0.86,696.28,0.86691,1102.12,0.8634
526.14,0.86,696.54,0.86747,1105.97,0.85716
526.4,0.86,696.79,0.86802,1109.81,0.85093
526.66,0.86,697.04,0.86856,1113.65,0.84471
526.92,0.86,697.3,0.86913,1117.49,0.83848
527.18,0.86,697.55,0.86967,1121.33,0.83352
527.44,0.86,697.8,0.87022,1125.16,0.82976
527.7,0.86,698.06,0.87078,1128.99,0.82599
527.96,0.86,698.31,0.87132,1132.81,0.82224
528.22,0.86,698.57,0.87189,1136.63,0.81849
528.48,0.85996,698.82,0.87243,1140.45,0.81683
528.73,0.85988,699.07,0.87298,1144.26,0.82281
528.99,0.8598,699.33,0.87325,1148.08,0.82882
529.25,0.85972,699.58,0.87302,1151.88,0.83479
529.51,0.85964,699.83,0.87279,1155.69,0.84078
529.77,0.85956,700.09,0.87256,1159.49,0.84675
530.03,0.85948,700.34,0.87233,1163.29,0.83346
530.29,0.8594,700.59,0.8721,1167.08,0.81782
530.55,0.85932,700.85,0.87187,1170.87,0.80218
530.81,0.85924,701.1,0.87164,1174.66,0.78654
531.07,0.85916,701.35,0.87142,1178.45,0.7709
531.33,0.85907,701.61,0.87118,1182.23,0.77199
531.59,0.85899,701.86,0.87095,1186,0.78717
531.85,0.85891,702.11,0.87073,1189.78,0.8024
532.11,0.85883,702.37,0.87049,1193.55,0.81758
532.37,0.85875,702.62,0.87026,1197.32,0.83277
532.63,0.85867,702.87,0.87004,1201.08,0.84301
532.88,0.85859,703.13,0.8698,1204.84,0.82838
533.14,0.85851,703.38,0.86958,1208.6,0.81375
533.4,0.85843,703.63,0.86935,1212.35,0.79916
533.66,0.85835,703.89,0.86911,1216.11,0.78454
533.92,0.85827,704.14,0.86889,1219.85,0.77587
534.18,0.85819,704.39,0.86866,1223.6,0.78434
534.44,0.85811,704.65,0.86842,1227.34,0.79279
534.7,0.85803,704.9,0.8682,1231.08,0.80124
534.96,0.85795,705.15,0.86797,1234.81,0.80967
535.22,0.85787,705.41,0.86774,1238.54,0.8181
535.48,0.85779,705.66,0.86751,1242.27,0.81404
535.74,0.8577,705.91,0.86728,1245.99,0.80746
536,0.85762,706.17,0.86705,1249.71,0.80088
536.26,0.85754,706.42,0.86682,1253.43,0.79431
536.51,0.85747,706.67,0.86659,1257.15,0.78773
536.77,0.85738,706.93,0.86636,1260.86,0.78491
537.03,0.8573,707.18,0.86613,1264.56,0.78819
537.29,0.85722,707.43,0.86591,1268.27,0.79147
537.55,0.85714,707.69,0.86567,1271.97,0.79474
537.81,0.85706,707.94,0.86544,1275.67,0.79801
538.07,0.85698,708.19,0.86522,1279.36,0.80127
538.33,0.8569,708.45,0.865,1283.05,0.79735
538.59,0.85682,708.7,0.86496,1286.74,0.79263
538.85,0.85674,708.95,0.86492,1290.42,0.78793
539.11,0.85666,709.21,0.86488,1294.1,0.78323
539.37,0.85656,709.46,0.86484,1297.78,0.77853
539.62,0.85647,709.71,0.8648,1301.45,0.7784
539.88,0.85638,709.97,0.86476,1305.12,0.78525
540.14,0.85628,710.22,0.86472,1308.79,0.79211
540.4,0.85619,710.47,0.86468,1312.46,0.79896
540.66,0.85609,710.72,0.86464,1316.12,0.80579
540.92,0.856,710.98,0.8646,1319.77,0.8126
541.18,0.85591,711.23,0.86456,1323.43,0.80332
541.44,0.85581,711.48,0.86453,1327.08,0.79149
541.7,0.85572,711.74,0.86449,1330.72,0.77969
541.96,0.85562,711.99,0.86445,1334.37,0.76785
542.21,0.85553,712.24,0.86441,1338.01,0.75605
542.47,0.85544,712.5,0.86437,1341.65,0.75223
542.73,0.85534,712.75,0.86433,1345.28,0.76685
542.99,0.85525,713,0.86429,1348.91,0.78147
543.25,0.85516,713.26,0.86425,1352.54,0.79609
543.51,0.85506,713.51,0.86421,1356.16,0.81068
543.77,0.85497,713.76,0.86417,1359.78,0.82526
544.03,0.85487,714.01,0.86413,1363.4,0.81559
544.29,0.85478,714.27,0.86409,1367.01,0.79609
544.55,0.85468,714.52,0.86405,1370.62,0.77658
544.8,0.85459,714.77,0.86401,1374.23,0.75707
545.06,0.8545,715.03,0.86397,1377.83,0.73762
545.32,0.8544,715.28,0.86394,1381.43,0.73818
545.58,0.85431,715.53,0.8639,1385.03,0.75198
545.84,0.85422,715.78,0.86386,1388.62,0.76573
546.1,0.85412,716.04,0.86382,1392.21,0.77949
546.36,0.85403,716.29,0.86378,1395.8,0.79324
546.62,0.85393,716.54,0.86374,1399.38,0.80696
546.88,0.85384,716.8,0.8637,1402.96,0.7995
547.13,0.85375,717.05,0.86366,1406.54,0.79106
547.39,0.85365,717.3,0.86362,1410.11,0.78265
547.65,0.85356,717.55,0.86358,1413.68,0.77423
547.91,0.85347,717.81,0.86354,1417.25,0.76581
548.17,0.85337,718.06,0.8635,1420.81,0.7582
548.43,0.8533,718.31,0.86346,1424.37,0.7526
548.69,0.85324,718.57,0.86342,1427.93,0.74701
548.95,0.85319,718.82,0.86339,1431.48,0.74143
549.21,0.85313,719.07,0.86335,1435.03,0.73585
549.46,0.85308,719.32,0.86348,1438.58,0.73027
549.72,0.85302,719.58,0.86372,1442.12,0.73387
549.98,0.85296,719.83,0.86394,1445.66,0.7443
550.24,0.85291,720.08,0.86417,1449.2,0.75473
550.5,0.85285,720.34,0.86441,1452.73,0.76514
550.76,0.85279,720.59,0.86463,1456.26,0.77554
551.02,0.85274,720.84,0.86486,1459.79,0.78594
551.28,0.85268,721.09,0.86509,1463.31,0.7758
551.53,0.85263,721.35,0.86532,1466.83,0.76162
551.79,0.85257,721.6,0.86555,1470.35,0.74745
552.05,0.85251,721.85,0.86577,1473.86,0.73331
552.31,0.85246,722.1,0.866,1477.37,0.71917
552.57,0.8524,722.36,0.86624,1480.88,0.70631
552.83,0.85234,722.61,0.86646,1484.38,0.71122
553.09,0.85229,722.86,0.86669,1487.88,0.71614
553.34,0.85223,723.12,0.86692,1491.38,0.72106
553.6,0.85218,723.37,0.86715,1494.87,0.72596
553.86,0.85212,723.62,0.86738,1498.36,0.73086
554.12,0.85206,723.87,0.8676,1501.85,0.73487
554.38,0.85201,724.13,0.86784,1505.33,0.73863
554.64,0.85195,724.38,0.86807,1508.81,0.74239
554.9,0.85189,724.63,0.86829,1512.29,0.74615
555.15,0.85184,724.88,0.86852,1515.76,0.7499
555.41,0.85178,725.14,0.86876,1519.23,0.75365
555.67,0.85173,725.39,0.86898,1522.7,0.73834
555.93,0.85167,725.64,0.86921,1526.16,0.72236
556.19,0.85167,725.89,0.86944,1529.62,0.70639
556.45,0.85167,726.15,0.86967,1533.07,0.69046
556.71,0.85167,726.4,0.8699,1536.53,0.67448
556.96,0.85167,726.65,0.87012,1539.98,0.66039
557.22,0.85167,726.9,0.87035,1543.42,0.66262
557.48,0.85167,727.16,0.87059,1546.86,0.66485
557.74,0.85167,727.41,0.87081,1550.3,0.66708
558,0.85167,727.66,0.87104,1553.74,0.66931
558.26,0.85167,727.91,0.87127,1557.17,0.67153
558.52,0.85167,728.17,0.8715,1560.6,0.66458
558.77,0.85167,728.42,0.87176,1564.03,0.65438
559.03,0.85167,728.67,0.87211,1567.45,0.64422
559.29,0.85167,728.92,0.87246,1570.87,0.63406
559.55,0.85167,729.18,0.87282,1574.29,0.62389
559.81,0.85167,729.43,0.87317,1577.7,0.61376
560.07,0.85167,729.68,0.87352,1581.11,0.59646
560.32,0.85167,729.93,0.87387,1584.51,0.56005
560.58,0.85167,730.19,0.87424,1587.92,0.52354
560.84,0.85167,730.44,0.87459,1591.32,0.48713
561.1,0.85167,730.69,0.87494,1594.71,0.45083
561.36,0.85167,730.94,0.87528,1598.1,0.41453
561.62,0.85167,731.19,0.87563,1601.49,0.38357
561.87,0.85167,731.45,0.876,1604.88,0.36489
562.13,0.85167,731.7,0.87635,1608.26,0.34626
562.39,0.85167,731.95,0.8767,1611.64,0.32763
562.65,0.85167,732.2,0.87705,1615.02,0.309
562.91,0.85167,732.46,0.87741,1618.39,0.29043
563.17,0.85167,732.71,0.87776,1621.76,0.28371
563.42,0.85167,732.96,0.87811,1625.12,0.27909
563.68,0.85167,733.21,0.87846,1628.49,0.27445
563.94,0.85167,733.47,0.87882,1631.85,0.26983
564.2,0.85167,733.72,0.87917,1635.2,0.26522
564.46,0.85167,733.97,0.87952,1638.55,0.26062
564.72,0.85167,734.22,0.87987,1641.9,0.25225
564.97,0.85167,734.47,0.88022,1645.25,0.24304
565.23,0.85167,734.73,0.88058,1648.59,0.23385
565.49,0.85167,734.98,0.88093,1651.93,0.22466
565.75,0.85167,735.23,0.88128,1655.27,0.21547
566.01,0.85167,735.48,0.88163,1658.6,0.20631
566.27,0.85167,735.74,0.882,1661.93,0.19813
566.52,0.85167,735.99,0.88235,1665.25,0.1903
566.78,0.85167,736.24,0.8827,1668.57,0.18247
567.04,0.85167,736.49,0.88304,1671.89,0.17465
567.3,0.85167,736.74,0.88339,1675.21,0.16682
567.56,0.85167,737,0.88376,1678.52,0.15901
567.81,0.85167,737.25,0.88411,1681.83,0.15473
568.07,0.85167,737.5,0.88446,1685.13,0.15246
568.33,0.85167,737.75,0.88481,1688.44,0.15018
568.59,0.85167,738,0.88516,1691.74,0.14791
568.85,0.85167,738.26,0.88552,1695.03,0.14565
569.11,0.85167,738.51,0.88587,1698.32,0.14339
569.36,0.85167,738.76,0.88622,1701.61,0.14081
569.62,0.85167,739.01,0.88657,,
569.88,0.85167,739.26,0.88683,,
570.14,0.85167,739.52,0.88707,,
570.4,0.85167,739.77,0.88729,,
570.65,0.85167,740.02,0.88752,,
570.91,0.85167,740.27,0.88774,,
571.17,0.85167,740.52,0.88797,,
571.43,0.85167,740.78,0.88821,,
571.69,0.85167,741.03,0.88843,,
571.94,0.85167,741.28,0.88866,,
572.2,0.85167,741.53,0.88889,,
572.46,0.85167,741.78,0.88911,,
572.72,0.85167,742.04,0.88935,,
572.98,0.85162,742.29,0.88958,,
573.23,0.85155,742.54,0.8898,,
573.49,0.85148,742.79,0.89003,,
573.75,0.85141,743.04,0.89026,,
574.01,0.85134,743.3,0.89049,,
574.27,0.85127,743.55,0.89072,,
574.52,0.8512,743.8,0.89094,,
574.78,0.85113,744.05,0.89117,,
575.04,0.85106,744.3,0.8914,,
575.3,0.85099,744.56,0.89163,,
575.56,0.85092,744.81,0.89186,,
575.81,0.85085,745.06,0.89209,,
576.07,0.85078,745.31,0.89231,,
576.33,0.85071,745.56,0.89254,,
576.59,0.85064,745.81,0.89277,,
576.84,0.85057,746.07,0.893,,
577.1,0.8505,746.32,0.89323,,
577.36,0.85043,746.57,0.89345,,
577.62,0.85036,746.82,0.89368,,
577.88,0.85028,747.07,0.89391,,
578.13,0.85022,747.33,0.89414,,
578.39,0.85015,747.58,0.89437,,
578.65,0.85008,747.83,0.8946,,
578.91,0.85,748.08,0.89482,,
579.17,0.84989,748.33,0.89498,,
579.42,0.84977,748.58,0.89491,,
579.68,0.84965,748.84,0.89482,,
579.94,0.84953,749.09,0.89475,,
580.2,0.84941,749.34,0.89467,,
580.45,0.84929,749.59,0.89459,,
580.71,0.84917,749.84,0.89451,,
580.97,0.84905,750.09,0.89444,,
581.23,0.84893,750.35,0.89436,,
581.48,0.84881,750.6,0.89428,,
581.74,0.84869,750.85,0.8942,,
582,0.84857,751.1,0.89412,,
582.26,0.84845,751.35,0.89404,,
582.52,0.84833,751.6,0.89397,,
582.77,0.84821,751.85,0.89389,,
583.03,0.84809,752.11,0.89381,,
583.29,0.84797,752.36,0.89373,,
583.55,0.84785,752.61,0.89365,,
583.8,0.84773,752.86,0.89358,,
584.06,0.84761,753.11,0.8935,,
584.32,0.84749,753.36,0.89342,,
584.58,0.84737,753.62,0.89334,,
584.83,0.84725,753.87,0.89326,,
585.09,0.84713,754.12,0.89318,,
585.35,0.84701,754.37,0.89311,,
585.61,0.84689,754.62,0.89303,,
585.86,0.84677,754.87,0.89295,,
586.12,0.84665,755.12,0.89287,,
586.38,0.84653,755.38,0.89279,,
586.64,0.84641,755.63,0.89271,,
586.89,0.84629,755.88,0.89264,,
587.15,0.84617,756.13,0.89256,,
587.41,0.84605,756.38,0.89248,,
587.67,0.84593,756.63,0.8924,,
587.92,0.84581,756.88,0.89233,,
588.18,0.84569,757.14,0.89225,,
588.44,0.84557,757.39,0.89217,,
588.7,0.84545,757.64,0.89209,,
588.95,0.84533,757.89,0.89201,,
589.21,0.84521,758.14,0.89194,,
589.47,0.84509,758.39,0.89186,,
589.73,0.84495,758.64,0.89178,,
589.98,0.8448,758.89,0.8917,,
590.24,0.84464,759.15,0.89156,,
590.5,0.84448,759.4,0.89138,,
590.76,0.84431,759.65,0.8912,,
591.01,0.84416,759.9,0.89102,,
591.27,0.844,760.15,0.89084,,
591.53,0.84383,760.4,0.89065,,
591.79,0.84367,760.65,0.89047,,
592.04,0.84352,760.9,0.89029,,
592.3,0.84336,761.16,0.8901,,
592.56,0.84319,761.41,0.88992,,
592.81,0.84304,761.66,0.88974,,
593.07,0.84288,761.91,0.88956,,
593.33,0.84272,762.16,0.88938,,
593.59,0.84255,762.41,0.8892,,
593.84,0.8424,762.66,0.88902,,
594.1,0.84224,762.91,0.88883,,
594.36,0.84208,763.17,0.88865,,
594.62,0.84191,763.42,0.88846,,
594.87,0.84176,763.67,0.88828,,
595.13,0.8416,763.92,0.8881,,
595.39,0.84144,764.17,0.88792,,
595.64,0.84128,764.42,0.88774,,
595.9,0.84112,764.67,0.88756,,
596.16,0.84096,764.92,0.88738,,
596.42,0.8408,765.17,0.8872,,
596.67,0.84064,765.43,0.88701,,
596.93,0.84048,765.68,0.88683,,
597.19,0.84032,765.93,0.88665,,
597.44,0.84016,766.18,0.88646,,
597.7,0.84,766.43,0.88628,,
597.96,0.83984,766.68,0.8861,,
598.22,0.83968,766.93,0.88592,,
598.47,0.83952,767.18,0.88574,,
598.73,0.83936,767.43,0.88556,,
598.99,0.8392,767.68,0.88538,,
599.24,0.83904,767.94,0.88519,,
599.5,0.83888,768.19,0.88501,,
599.76,0.83872,768.44,0.885,,
600.02,0.83856,768.69,0.885,,
600.27,0.8384,768.94,0.885,,
600.53,0.83817,769.19,0.885,,
600.79,0.83789,769.44,0.885,,
601.04,0.83762,769.69,0.885,,
601.3,0.83734,769.94,0.885,,
601.56,0.83705,770.19,0.885,,
601.81,0.83678,770.44,0.885,,
602.07,0.8365,770.7,0.885,,
602.33,0.83622,770.95,0.885,,
602.59,0.83593,771.2,0.885,,
602.84,0.83566,771.45,0.885,,
603.1,0.83538,771.7,0.885,,
603.36,0.8351,771.95,0.885,,
603.61,0.83482,772.2,0.885,,
603.87,0.83454,772.45,0.885,,
604.13,0.83426,772.7,0.885,,
604.38,0.83399,772.95,0.885,,
604.64,0.8337,773.2,0.885,,
604.9,0.83342,773.45,0.885,,
605.15,0.83315,773.7,0.885,,
605.41,0.83287,773.96,0.885,,
605.67,0.83258,774.21,0.885,,
605.92,0.83231,774.46,0.885,,
606.18,0.83203,774.71,0.885,,
606.44,0.83175,774.96,0.885,,
606.7,0.83146,775.21,0.885,,
606.95,0.83119,775.46,0.885,,
607.21,0.83091,775.71,0.885,,
607.47,0.83063,775.96,0.885,,
607.72,0.83035,776.21,0.885,,
607.98,0.83007,776.46,0.885,,
608.24,0.82979,776.71,0.885,,
608.49,0.82952,776.96,0.885,,
608.75,0.82923,777.21,0.885,,
609.01,0.82895,777.46,0.885,,
609.26,0.82868,777.72,0.885,,
609.52,0.8284,777.97,0.885,,
609.78,0.828,778.22,0.885,,
610.03,0.8276,778.47,0.885,,
610.29,0.82717,778.72,0.885,,
610.55,0.82675,778.97,0.88503,,
610.8,0.82634,779.22,0.88521,,
611.06,0.82592,779.47,0.88539,,
611.32,0.82549,779.72,0.88557,,
611.57,0.82508,779.97,0.88576,,
611.83,0.82466,780.22,0.88594,,
612.09,0.82424,780.47,0.88612,,
612.34,0.82383,780.72,0.8863,,
612.6,0.8234,780.97,0.88648,,
612.86,0.82298,781.22,0.88666,,
613.11,0.82257,781.47,0.88684,,
613.37,0.82215,781.72,0.88702,,
613.63,0.82172,781.97,0.88721,,
613.88,0.82132,782.22,0.88739,,
614.14,0.82089,782.47,0.88757,,
614.4,0.82047,782.72,0.88775,,
614.65,0.82006,782.98,0.88794,,
614.91,0.81964,783.23,0.88812,,
615.17,0.81921,783.48,0.8883,,
615.42,0.8188,783.73,0.88848,,
615.68,0.81838,783.98,0.88866,,
615.94,0.81796,784.23,0.88884,,
616.19,0.81755,784.48,0.88903,,
616.45,0.81712,784.73,0.88921,,
616.7,0.81672,784.98,0.88939,,
616.96,0.81629,785.23,0.88957,,
617.22,0.81587,785.48,0.88975,,
617.47,0.81546,785.73,0.88993,,
617.73,0.81504,785.98,0.89011,,
617.99,0.81461,786.23,0.89029,,
618.24,0.8142,786.48,0.89048,,
618.5,0.81378,786.73,0.89066,,
618.76,0.81336,786.98,0.89084,,
619.01,0.81256,787.23,0.89102,,
619.27,0.81171,787.48,0.8912,,
619.53,0.81087,787.73,0.89138,,
619.78,0.81005,787.98,0.89156,,
620.04,0.8092,788.23,0.89176,,
620.29,0.80839,788.48,0.89199,,
620.55,0.80754,788.73,0.89222,,
620.81,0.80669,788.98,0.89244,,
621.06,0.80587,789.23,0.89267,,
621.32,0.80503,789.48,0.8929,,
621.58,0.80418,789.73,0.89312,,
621.83,0.80336,789.98,0.89335,,
622.09,0.80251,790.23,0.89358,,
622.34,0.8017,790.48,0.8938,,
622.6,0.80085,790.73,0.89403,,
622.86,0.8,790.98,0.89426,,
623.11,0.79919,791.23,0.89448,,
623.37,0.79834,791.48,0.89471,,
623.63,0.79749,791.73,0.89494,,
623.88,0.79667,791.98,0.89516,,
624.14,0.79583,792.23,0.89539,,
624.39,0.79501,792.48,0.89562,,
624.65,0.79416,792.73,0.89584,,
624.91,0.79331,792.98,0.89607,,
625.16,0.7925,793.23,0.8963,,
625.42,0.79165,793.48,0.89652,,
625.68,0.7908,793.73,0.89675,,
625.93,0.78999,793.98,0.89697,,
626.19,0.78914,794.23,0.8972,,
626.44,0.78832,794.48,0.89743,,
626.7,0.78747,794.73,0.89765,,
626.96,0.78663,794.98,0.89788,,
627.21,0.78581,795.23,0.89811,,
627.47,0.78496,795.48,0.89833,,
627.72,0.78415,795.73,0.89856,,
627.98,0.78328,795.98,0.89879,,
628.24,0.78186,796.23,0.89901,,
628.49,0.7805,796.48,0.89924,,
628.75,0.77909,796.73,0.89947,,
629,0.77773,796.98,0.89969,,
629.26,0.77632,797.23,0.89992,,
629.52,0.7749,797.48,0.90005,,
629.77,0.77354,797.73,0.90013,,
630.03,0.77213,797.98,0.90021,,
630.29,0.77071,798.23,0.90028,,
630.54,0.76936,798.48,0.90036,,
630.8,0.76794,798.73,0.90044,,
631.05,0.76658,798.98,0.90052,,
631.31,0.76517,799.23,0.90059,,
631.56,0.76381,799.48,0.90067,,
631.82,0.7624,799.73,0.90075,,
632.08,0.76098,799.98,0.90083,,
632.33,0.75962,800.23,0.9009,,
632.59,0.75821,800.48,0.90098,,
632.84,0.75685,800.73,0.90106,,
633.1,0.75544,800.98,0.90114,,
633.36,0.75402,801.23,0.90122,,
633.61,0.75266,801.48,0.90129,,
633.87,0.75125,801.73,0.90137,,
634.12,0.74989,801.98,0.90145,,
634.38,0.74848,802.23,0.90153,,
634.64,0.74706,802.48,0.9016,,
634.89,0.7457,802.72,0.90168,,
635.15,0.74429,802.97,0.90176,,
635.4,0.74293,803.22,0.90183,,
635.66,0.74152,803.47,0.90191,,
635.91,0.74016,803.72,0.90199,,
636.17,0.73874,803.97,0.90207,,
636.43,0.73733,804.22,0.90214,,
636.68,0.73597,804.47,0.90222,,
636.94,0.73456,804.72,0.9023,,
637.19,0.7332,804.97,0.90238,,
637.45,0.73178,805.22,0.90246,,
637.71,0.73037,805.47,0.90253,,
637.96,0.72901,805.72,0.90261,,
638.22,0.7276,805.97,0.90269,,
638.47,0.72624,806.22,0.90277,,
638.73,0.72484,806.47,0.90284,,
638.98,0.72359,806.72,0.90292,,
639.24,0.7223,806.97,0.903,,
639.5,0.72101,807.22,0.90308,,
639.75,0.71977,807.47,0.90315,,
640.01,0.71847,807.72,0.90323,,
640.26,0.71723,807.96,0.90331,,
640.52,0.71594,808.21,0.90321,,
640.77,0.7147,808.46,0.90301,,
641.03,0.7134,808.71,0.90282,,
641.28,0.71216,808.96,0.90262,,
641.54,0.71087,809.21,0.90243,,
641.8,0.70958,809.46,0.90223,,
642.05,0.70833,809.71,0.90204,,
642.31,0.70704,809.96,0.90185,,
642.56,0.7058,810.21,0.90165,,
642.82,0.7045,810.46,0.90146,,
643.07,0.70326,810.71,0.90126,,
643.33,0.70197,810.96,0.90107,,
643.58,0.70073,811.21,0.90088,,
643.84,0.69943,811.46,0.90068,,
644.1,0.69814,811.7,0.90049,,
644.35,0.6969,811.95,0.9003,,
644.61,0.69561,812.2,0.90011,,
644.86,0.69436,812.45,0.89991,,
645.12,0.69307,812.7,0.89972,,
645.37,0.69183,812.95,0.89952,,
645.63,0.69053,813.2,0.89933,,
645.88,0.68929,813.45,0.89914,,
646.14,0.688,813.7,0.89894,,
646.39,0.68676,813.95,0.89875,,
646.65,0.68546,814.2,0.89855,,
646.91,0.68417,814.45,0.89836,,
647.16,0.68293,814.7,0.89816,,
647.42,0.68164,814.94,0.89798,,
647.67,0.68039,815.19,0.89778,,
647.93,0.6791,815.44,0.89759,,
648.18,0.67786,815.69,0.8974,,
648.44,0.67657,815.94,0.8972,,
648.69,0.67532,816.19,0.89701,,
648.95,0.67403,816.44,0.89681,,
649.2,0.67279,816.69,0.89662,,
649.46,0.67139,816.94,0.89642,,
649.71,0.6694,817.19,0.89623,,
649.97,0.66732,817.44,0.89604,,
650.23,0.66525,817.68,0.89585,,
650.48,0.66326,817.93,0.89566,,
650.74,0.66118,818.18,0.89546,,
650.99,0.65919,818.43,0.89527,,
651.25,0.65711,818.68,0.89507,,
651.5,0.65512,818.93,0.89486,,
651.76,0.65305,819.18,0.89463,,
652.01,0.65105,819.43,0.89441,,
652.27,0.64898,819.68,0.89418,,
652.52,0.64699,819.93,0.89395,,
652.78,0.64491,820.17,0.89373,,
653.03,0.64292,820.42,0.89351,,
653.29,0.64085,820.67,0.89328,,
653.54,0.63885,820.92,0.89306,,
653.8,0.63678,821.17,0.89283,,
654.05,0.63478,821.42,0.8926,,
654.31,0.63271,821.67,0.89238,,
654.56,0.63072,821.92,0.89215,,
654.82,0.62864,822.17,0.89192,,
655.07,0.62665,822.41,0.8917,,
655.33,0.62458,822.66,0.89148,,
655.58,0.62258,822.91,0.89125,,
655.84,0.62051,823.16,0.89103,,
656.09,0.61852,823.41,0.8908,,
656.35,0.61644,823.66,0.89057,,
656.6,0.61445,823.91,0.89035,,
656.86,0.61237,824.16,0.89012,,
657.11,0.61038,824.4,0.8899,,
657.37,0.60831,824.65,0.88967,,
657.62,0.60631,824.9,0.88945,,
657.88,0.60424,825.15,0.88922,,
658.13,0.60225,825.4,0.889,,
658.39,0.60017,825.65,0.88877,,
658.64,0.59777,825.9,0.88854,,
658.9,0.59018,826.15,0.88832,,
659.15,0.58289,826.39,0.8881,,
659.41,0.5753,826.64,0.88787,,
659.66,0.56801,826.89,0.88764,,
659.92,0.56042,827.14,0.88742,,
660.17,0.55312,827.39,0.88719,,
660.43,0.54554,827.64,0.88697,,
660.68,0.53824,827.89,0.88674,,
660.94,0.53065,828.13,0.88649,,
661.19,0.52336,828.38,0.88622,,
661.45,0.51577,828.63,0.88595,,
661.7,0.50848,828.88,0.88568,,
661.96,0.50089,829.13,0.8854,,
662.21,0.49359,829.38,0.88513,,
662.47,0.48601,829.63,0.88486,,
662.72,0.47871,829.87,0.8846,,
662.98,0.47112,830.12,0.88433,,
663.23,0.46383,830.37,0.88406,,
663.49,0.45624,830.62,0.88378,,
663.74,0.44895,830.87,0.88351,,
664,0.44136,831.12,0.88324,,
664.25,0.43406,831.37,0.88297,,
664.51,0.42648,831.61,0.88271,,
664.76,0.41918,831.86,0.88244,,
665.02,0.41159,832.11,0.88216,,
665.27,0.4043,832.36,0.88189,,
665.53,0.39671,832.61,0.88162,,
665.78,0.38942,832.86,0.88135,,
666.04,0.38183,833.11,0.88108,,
666.29,0.37453,833.35,0.88082,,
666.55,0.36695,833.6,0.88054,,
666.8,0.35965,833.85,0.88027,,
667.05,0.35236,834.1,0.88,,
667.31,0.34477,834.35,0.87973,,
667.56,0.33747,834.6,0.87946,,
667.82,0.3299,834.84,0.87919,,
668.07,0.32365,835.09,0.87892,,
668.33,0.31715,835.34,0.87865,,
668.58,0.3109,835.59,0.87838,,
668.84,0.30439,835.84,0.87811,,
669.09,0.29814,836.09,0.87784,,
669.35,0.29164,836.33,0.87757,,
669.6,0.28539,836.58,0.8773,,
669.86,0.27888,836.83,0.87703,,
670.11,0.27263,837.08,0.87676,,
670.36,0.26638,837.33,0.87649,,
670.62,0.25988,837.58,0.87622,,
670.87,0.25362,837.82,0.87595,,
671.13,0.24712,838.07,0.87568,,
671.38,0.24087,838.32,0.87541,,
671.64,0.23437,838.57,0.87514,,
671.89,0.22811,838.82,0.87489,,
672.15,0.22161,839.06,0.87466,,
672.4,0.21536,839.31,0.87443,,
672.66,0.20886,839.56,0.8742,,
672.91,0.20261,839.81,0.87396,,
673.16,0.19635,840.06,0.87373,,
673.42,0.18985,840.31,0.8735,,
673.67,0.1836,840.55,0.87327,,
673.93,0.1771,840.8,0.87304,,
674.18,0.17084,841.05,0.87281,,
674.44,0.16434,841.3,0.87257,,
674.69,0.15809,841.55,0.87234,,
674.95,0.15159,841.79,0.87212,,
675.2,0.14533,842.04,0.87188,,
675.45,0.13908,842.29,0.87165,,
675.71,0.13258,842.54,0.87142,,
675.96,0.12633,842.79,0.87119,,
676.22,0.11982,843.03,0.87096,,
676.47,0.11357,843.28,0.87073,,
676.73,0.10707,843.53,0.8705,,
676.98,0.10082,843.78,0.87026,,
677.23,0.094565,844.03,0.87003,,
677.49,0.088062,844.27,0.86981,,
677.74,0.08181,844.52,0.86957,,
678,0.075308,844.77,0.86934,,
678.25,0.069055,845.02,0.86911,,
678.51,0.062553,845.27,0.86887,,
678.76,0.060626,845.51,0.86865,,
679.01,0.059382,845.76,0.86842,,
679.27,0.058089,846.01,0.86818,,
679.52,0.056845,846.26,0.86795,,
679.78,0.055552,846.51,0.86772,,
680.03,0.054308,846.75,0.86749,,
680.29,0.053014,847,0.86726,,
680.54,0.051771,847.25,0.86703,,
680.79,0.050527,847.5,0.86679,,
681.05,0.049233,847.74,0.86657,,
681.3,0.04799,847.99,0.86634,,
681.56,0.046696,848.24,0.8661,,
681.81,0.045453,848.49,0.86587,,
682.07,0.044159,848.74,0.86564,,
682.32,0.042915,848.98,0.86542,,
682.57,0.041672,849.23,0.86518,,
682.83,0.040378,849.48,0.86493,,
683.08,0.039134,849.73,0.8646,,
683.34,0.037841,849.97,0.86429,,
683.59,0.036597,850.22,0.86396,,
683.84,0.035354,850.47,0.86364,,
684.1,0.03406,850.72,0.86331,,
684.35,0.032816,850.97,0.86298,,
684.61,0.031523,851.21,0.86267,,
684.86,0.030279,851.46,0.86234,,
685.11,0.029035,851.71,0.86202,,
685.37,0.027742,851.96,0.86169,,
685.62,0.026498,852.2,0.86138,,
685.88,0.025205,852.45,0.86105,,
686.13,0.023961,852.7,0.86073,,
686.38,0.022717,852.95,0.8604,,
686.64,0.021424,853.19,0.86009,,
686.89,0.02018,853.44,0.85976,,
687.15,0.018887,853.69,0.85943,,
687.4,0.017643,853.94,0.85911,,
687.65,0.016399,854.19,0.85878,,
687.91,0.015106,854.43,0.85847,,
688.16,0.013862,854.68,0.85814,,
688.42,0.012569,854.93,0.85782,,
688.67,0.011325,855.18,0.85749,,
688.92,0.010081,855.42,0.85718,,
689.18,0.0087877,855.67,0.85685,,
689.43,0.0082073,855.92,0.85652,,
689.69,0.0080054,856.17,0.8562,,
689.94,0.0078113,856.41,0.85588,,
690.19,0.0076172,856.66,0.85556,,
690.45,0.0074153,856.91,0.85523,,
690.7,0.0072212,857.16,0.85484,,
690.95,0.0070271,857.4,0.85432,,
691.21,0.0068252,857.65,0.85378,,
691.46,0.0066311,857.9,0.85323,,
691.72,0.0064292,858.15,0.85269,,
691.97,0.0062351,858.39,0.85217,,
692.22,0.006041,858.64,0.85162,,
692.48,0.0058391,858.89,0.85108,,
692.73,0.005645,859.13,0.85056,,
692.98,0.0054508,859.38,0.85002,,
693.24,0.005249,859.63,0.84947,,
693.49,0.0050548,859.88,0.84893,,
693.75,0.004853,860.12,0.84841,,
694,0.0046588,860.37,0.84786,,
694.25,0.0044647,860.62,0.84732,,
694.51,0.0042628,860.87,0.84677,,
694.76,0.0040687,861.11,0.84625,,
695.01,0.0038746,861.36,0.84571,,
695.27,0.0036727,861.61,0.84516,,
695.52,0.0034786,861.86,0.84462,,
695.78,0.0032767,862.1,0.8441,,
696.03,0.0030826,862.35,0.84356,,
696.28,0.0028885,862.6,0.84301,,
696.54,0.0026866,862.84,0.84249,,
696.79,0.0024925,863.09,0.84195,,
697.04,0.0022984,863.34,0.8414,,
697.3,0.0020965,863.59,0.84086,,
697.55,0.0019024,863.83,0.84034,,
697.8,0.0017082,864.08,0.83979,,
698.06,0.0015064,864.33,0.83925,,
698.31,0.0013122,864.57,0.83873,,
698.57,0.0011104,864.82,0.83818,,
698.82,0.00091624,865.07,0.83764,,
699.07,0.00072212,865.32,0.8371,,
699.33,0.00052024,865.56,0.83657,,
699.58,0.00032612,865.81,0.83603,,
699.83,0.000132,866.06,0.83549,,
,,866.3,0.83496,,
,,866.55,0.83442,,
,,866.8,0.83388,,
,,867.05,0.83333,,
,,867.29,0.83281,,
,,867.54,0.83227,,
,,867.79,0.83172,,
,,868.03,0.8294,,
,,868.28,0.82675,,
,,868.53,0.8241,,
,,868.78,0.82145,,
,,869.02,0.8189,,
,,869.27,0.81625,,
,,869.52,0.8136,,
,,869.76,0.81106,,
,,870.01,0.8084,,
,,870.26,0.80575,,
,,870.5,0.80321,,
,,870.75,0.80056,,
,,871,0.79791,,
,,871.24,0.79536,,
,,871.49,0.79271,,
,,871.74,0.79006,,
,,871.99,0.78741,,
,,872.23,0.78487,,
,,872.48,0.78221,,
,,872.73,0.77956,,
,,872.97,0.77702,,
,,873.22,0.77437,,
,,873.47,0.77172,,
,,873.71,0.76917,,
,,873.96,0.76652,,
,,874.21,0.76387,,
,,874.45,0.76133,,
,,874.7,0.75868,,
,,874.95,0.75602,,
,,875.19,0.75348,,
,,875.44,0.75083,,
,,875.69,0.74818,,
,,875.93,0.74563,,
,,876.18,0.74298,,
,,876.43,0.74033,,
,,876.67,0.73779,,
,,876.92,0.73514,,
,,877.17,0.73249,,
,,877.41,0.72994,,
,,877.66,0.72729,,
,,877.91,0.72464,,
,,878.15,0.72209,,
,,878.4,0.71944,,
,,878.65,0.71679,,
,,878.89,0.71425,,
,,879.14,0.7116,,
,,879.39,0.70895,,
,,879.63,0.7064,,
,,879.88,0.70375,,
,,880.13,0.69986,,
,,880.37,0.69172,,
,,880.62,0.68325,,
,,880.87,0.67478,,
,,881.11,0.66664,,
,,881.36,0.65817,,
,,881.61,0.64969,,
,,881.85,0.64156,,
,,882.1,0.63309,,
,,882.34,0.62495,,
,,882.59,0.61648,,
,,882.84,0.608,,
,,883.08,0.59987,,
,,883.33,0.5914,,
,,883.58,0.58292,,
,,883.82,0.57479,,
,,884.07,0.56632,,
,,884.32,0.55784,,
,,884.56,0.54971,,
,,884.81,0.54123,,
,,885.05,0.5331,,
,,885.3,0.52463,,
,,885.55,0.51615,,
,,885.79,0.50802,,
,,886.04,0.49954,,
,,886.29,0.49107,,
,,886.53,0.48294,,
,,886.78,0.47446,,
,,887.03,0.46599,,
,,887.27,0.45786,,
,,887.52,0.44938,,
,,887.76,0.44125,,
,,888.01,0.43277,,
,,888.26,0.4243,,
,,888.5,0.41617,,
,,888.75,0.40769,,
,,888.99,0.39956,,
,,889.24,0.39108,,
,,889.49,0.38475,,
,,889.73,0.37897,,
,,889.98,0.37295,,
,,890.23,0.36693,,
,,890.47,0.36115,,
,,890.72,0.35513,,
,,890.96,0.34935,,
,,891.21,0.34333,,
,,891.46,0.33731,,
,,891.7,0.33153,,
,,891.95,0.32551,,
,,892.19,0.31973,,
,,892.44,0.31371,,
,,892.69,0.30769,,
,,892.93,0.30191,,
,,893.18,0.29589,,
,,893.42,0.29011,,
,,893.67,0.28409,,
,,893.92,0.27807,,
,,894.16,0.2723,,
,,894.41,0.26628,,
,,894.65,0.2605,,
,,894.9,0.25448,,
,,895.15,0.24846,,
,,895.39,0.24268,,
,,895.64,0.23666,,
,,895.88,0.23088,,
,,896.13,0.22486,,
,,896.38,0.21884,,
,,896.62,0.21306,,
,,896.87,0.20704,,
,,897.11,0.20126,,
,,897.36,0.19524,,
,,897.6,0.18946,,
,,897.85,0.18344,,
,,898.1,0.17742,,
,,898.34,0.17164,,
,,898.59,0.16562,,
,,898.83,0.15984,,
,,899.08,0.15382,,
,,899.33,0.1478,,
,,899.57,0.14202,,
,,899.82,0.136,,
,,900.06,0.13101,,
,,900.31,0.1283,,
,,900.55,0.12569,,
,,900.8,0.12297,,
,,901.05,0.12025,,
,,901.29,0.11764,,
,,901.54,0.11492,,
,,901.78,0.11232,,
,,902.03,0.1096,,
,,902.27,0.10699,,
,,902.52,0.10427,,
,,902.76,0.10166,,
,,903.01,0.098944,,
,,903.26,0.096226,,
,,903.5,0.093617,,
,,903.75,0.090899,,
,,903.99,0.08829,,
,,904.24,0.085572,,
,,904.48,0.082963,,
,,904.73,0.080245,,
,,904.97,0.077636,,
,,905.22,0.074918,,
,,905.47,0.0722,,
,,905.71,0.069591,,
,,905.96,0.066873,,
,,906.2,0.064264,,
,,906.45,0.061546,,
,,906.69,0.058937,,
,,906.94,0.056219,,
,,907.18,0.05361,,
,,907.43,0.050892,,
,,907.67,0.048283,,
,,907.92,0.045565,,
,,908.17,0.042848,,
,,908.41,0.040238,,
,,908.66,0.037521,,
,,908.9,0.034911,,
,,909.15,0.032194,,
,,909.39,0.031277,,
,,909.64,0.030733,,
,,909.88,0.030211,,
,,910.13,0.029667,,
,,910.37,0.029145,,
,,910.62,0.028601,,
,,910.86,0.028079,,
,,911.11,0.027536,,
,,911.35,0.027014,,
,,911.6,0.02647,,
,,911.85,0.025926,,
,,912.09,0.025404,,
,,912.34,0.02486,,
,,912.58,0.024338,,
,,912.83,0.023795,,
,,913.07,0.023273,,
,,913.32,0.022729,,
,,913.56,0.022207,,
,,913.81,0.021663,,
,,914.05,0.021141,,
,,914.3,0.020597,,
,,914.54,0.020075,,
,,914.79,0.019532,,
,,915.03,0.01901,,
,,915.28,0.018466,,
,,915.52,0.017944,,
,,915.77,0.0174,,
,,916.01,0.016878,,
,,916.26,0.016334,,
,,916.5,0.015812,,
,,916.75,0.015269,,
,,916.99,0.014747,,
,,917.24,0.014203,,
,,917.48,0.013681,,
,,917.73,0.013137,,
,,917.97,0.012615,,
,,918.22,0.012071,,
