nm,QE Silicon Solar cell
305,0.185578843
310,0.243200345
315,0.2989922
320,0.353040947
325,0.405424749
330,0.456224543
335,0.505507926
340,0.553338151
345,0.599785587
350,0.64490241
355,0.677153189
360,0.697070563
365,0.716442256
370,0.73529039
375,0.753635907
380,0.771498647
385,0.78889742
390,0.80585007
395,0.82237354
400,0.838015882
405,0.851432128
410,0.864521148
415,0.877291783
420,0.889761307
425,0.901937431
430,0.913827505
435,0.925447095
440,0.936802603
445,0.947900145
450,0.95875383
455,0.964575823
460,0.96553559
465,0.966469385
470,0.967388587
475,0.968283218
480,0.969164376
485,0.970022254
490,0.970867684
495,0.971691025
500,0.972502859
505,0.973276521
510,0.974020427
515,0.974749888
520,0.97546532
525,0.976167126
530,0.97685569
535,0.977531383
540,0.978194564
545,0.978845576
550,0.979484752
555,0.979574029
560,0.979531085
565,0.979486707
570,0.979443107
575,0.979400266
580,0.979360301
585,0.9793189
590,0.9792782
595,0.979240269
600,0.979200903
605,0.97851665
610,0.977772475
615,0.977042417
620,0.976322135
625,0.975613377
630,0.974915869
635,0.974229345
640,0.973555486
645,0.972890152
650,0.972235053
655,0.97204425
660,0.971969051
665,0.971896847
670,0.97182387
675,0.971751974
680,0.971681135
685,0.971611331
690,0.971544335
695,0.971476519
700,0.971409672
705,0.970255174
710,0.96905931
715,0.967880171
720,0.966717409
725,0.965570685
730,0.964441368
735,0.963325729
740,0.962225167
745,0.961139376
750,0.960068064
755,0.957915609
760,0.955205814
765,0.952531441
770,0.9498918
775,0.947287818
780,0.944715632
785,0.942176212
790,0.939668937
795,0.9371932
800,0.934748409
805,0.933660081
810,0.932730604
815,0.931814051
820,0.930908677
825,0.930014277
830,0.929129158
835,0.928256125
840,0.927393485
845,0.926539587
850,0.925697193
855,0.918771296
860,0.911101293
865,0.903518527
870,0.896024345
875,0.888614394
880,0.881290055
885,0.874047076
890,0.866886873
895,0.859805286
900,0.852398746
905,0.841460007
910,0.830641474
915,0.819941177
920,0.809357187
925,0.798887619
930,0.788530626
935,0.778284404
940,0.768147184
945,0.758117236
950,0.748192867
955,0.728466659
960,0.707852029
965,0.687449737
970,0.667259057
975,0.64727546
980,0.627494513
985,0.607915646
990,0.588534545
995,0.569346983
1000,0.549949588
1005,0.523127263
1010,0.496570505
1015,0.470276612
1020,0.444239287
1025,0.418455984
1030,0.392923005
1035,0.367636721
1040,0.342594766
1045,0.317791261
1050,0.29322398
1055,0.279815457
1060,0.267105396
1065,0.254514677
1070,0.242041629
1075,0.229684609
1080,0.217442006
1085,0.205312238
1090,0.193293752
1095,0.181385024
1100,0.169584558
1105,0.154785105
1110,0.139955902
1115,0.125259696
1120,0.110694263
1125,0.096258742
1130,0.081950969
1135,0.067769256
1140,0.053711944
1145,0.039777402
1150,0.025964031
